Id,ORGANIZATION,NAME,GENDER,SPECIALITY,ADDRESS,CITY,STATE,ZIP,LAT,LON,UTILIZATION
0000016e-5f22-3c75-0000-000000000028,e002090d-4e92-300e-b41e-7d1f21dee4c6,Alfredo17 Negrete68,M,GENERAL PRACTICE,1493 CAMBRIDGE STREET,CAMBRIDGE,MA,02138,42.375967,-71.118275,10
0000016e-5f22-3c75-0000-000000000046,fbf6180e-b800-3ebe-b91d-93d0288c400e,Bibi254 Wintheiser220,F,GENERAL PRACTICE,164 HIGH STREET,GREENFIELD,MA,01301,42.614671,-72.597063,6
0000016e-5f22-3c75-0000-000000000050,8b58cdd1-3d79-3126-8fe0-da2c54d6805c,Stefania815 Rolfson709,F,GENERAL PRACTICE,2100 DORCHESTER AVENUE,BOSTON,MA,02124,42.33196,-71.020173,5
0000016e-5f22-3c75-0000-000000000078,37b4d73f-652d-3033-a16e-d97b9e8b4cda,Asa127 Yost751,M,GENERAL PRACTICE,25 HIGHLAND AVENUE,NEWBURYPORT,MA,01950,42.812141,-70.886646,14
0000016e-5f22-3c75-0000-00000000008c,08bcda9c-f8c8-3244-82d4-fc306a7a55d3,Beula159 Sawayn19,F,GENERAL PRACTICE,1 BOSTON MEDICAL CENTER PLACE,BOSTON,MA,02118,42.33196,-71.020173,1
0000016e-5f22-3c75-0000-0000000000b4,4f3a530e-a2f7-3de0-9a09-c0a70a9ab894,Echo53 Murray856,F,GENERAL PRACTICE,725 NORTH STREET,PITTSFIELD,MA,01201,42.452045,-73.26054,5
0000016e-5f22-3c75-0000-0000000000be,f71ce1a9-cca7-3295-9a1e-c88ac3479b6f,Denver542 Quitzon246,M,GENERAL PRACTICE,157 UNION STREET,MARLBOROUGH,MA,01752,42.349617,-71.547214,3
0000016e-5f22-3c75-0000-0000000000c8,c44f361c-2efb-3050-8f97-0354a12e2920,Melisa53 Hansen121,F,GENERAL PRACTICE,680 CENTER STREET,BROCKTON,MA,02302,42.082543,-71.024638,7
0000016e-5f22-3c75-0000-0000000000d2,331f4c11-d298-308b-aaa1-d7825b29b57f,Henry768 Kiehn525,M,GENERAL PRACTICE,201 HIGHLAND STREET,CLINTON,MA,01510,42.411887,-71.690005,10
0000016e-5f22-3c75-0000-0000000000dc,b1ddf812-1fdd-3adf-b1d5-32cc8bd07ebb,Efrain317 Reichert620,M,GENERAL PRACTICE,275 SANDWICH STREET,PLYMOUTH,MA,02360,41.897892,-70.62403,7
0000016e-5f22-3c75-0000-0000000000f0,b0e04623-b02c-3f8b-92ea-943fc4db60da,Mohammad578 Bechtelar572,M,GENERAL PRACTICE,295 VARNUM AVENUE,LOWELL,MA,01854,42.638893,-71.32210699999997,3
0000016e-5f22-3c75-0000-000000000104,fd328395-ab1d-35c6-a2d0-d05a9a79cf11,Rusty501 Kris249,M,GENERAL PRACTICE,271 CAREW STREET,SPRINGFIELD,MA,01104,42.115454,-72.539978,3
0000016e-5f22-3c75-0000-00000000010e,d692e283-0833-3201-8e55-4f868a9c0736,Rueben647 Aufderhar910,M,GENERAL PRACTICE,585 LEBANON STREET,MELROSE,MA,02176,42.455723,-71.05901899999998,2
0000016e-5f22-3c75-0000-00000000012c,23834663-ed53-3da9-b330-d6e1ecb8428e,Nena266 Predovic534,F,GENERAL PRACTICE,363 HIGHLAND AVENUE,FALL RIVER,MA,02720,41.725351,-71.094162,7
0000016e-5f22-3c75-0000-00000000014a,a9f20dc1-5147-3789-bcef-bbecb41c5983,Cedrick207 Franecki195,M,GENERAL PRACTICE,70 EAST STREET,METHUEN,MA,01844,42.742751,-71.178588,3
0000016e-5f22-3c75-0000-000000000154,7fb56531-86bd-3e4a-8619-4df9942da309,Gilbert263 Lueilwitz711,M,GENERAL PRACTICE,148 CHESTNUT STREET,NEEDHAM,MA,02494,42.281593,-71.242414,12
0000016e-5f22-3c75-0000-00000000015e,03347b4d-994e-302b-848b-58019a4e274d,Zana914 Wiegand701,F,GENERAL PRACTICE,133 OLD ROAD TO 9 ACRE CORNER,W CONCORD,MA,01742,42.269478,-71.807783,4
0000016e-5f22-3c75-0000-00000000017c,24cb4eab-6166-3530-bddc-a5a8a14a4fc1,Vicente970 Guardado953,M,GENERAL PRACTICE,14 PROSPECT STREET,MILFORD,MA,01757,42.158692,-71.521419,12
0000016e-5f22-3c75-0000-000000000186,e44f438a-601b-30fb-85eb-bfaf8ddcb5ad,Sang383 Stokes453,M,GENERAL PRACTICE,242 GREEN STREET,GARDNER,MA,01440,42.586516,-71.988062,4
0000016e-5f22-3c75-0000-000000000190,ac8356a5-78f8-3a63-8a1e-59e832fd54e7,Augustina561 Kuhlman484,F,GENERAL PRACTICE,200 GROTON ROAD,AYER,MA,01432,42.562221,-71.58484399999998,6
0000016e-5f22-3c75-0000-00000000019a,db0acede-4abe-3c01-8d03-5c68a190d8c7,Phillis443 Murazik203,F,GENERAL PRACTICE,55 FOGG ROAD,SOUTH WEYMOUTH,MA,02190,42.24158900000001,-71.082651,1
0000016e-5f22-3c75-0000-0000000001a4,3d10019f-c88e-3de5-9916-6107b9c0263d,Bryant814 O'Keefe54,M,GENERAL PRACTICE,2014 WASHINGTON STREET,NEWTON,MA,02462,42.331876,-71.208402,1
0000016e-5f22-3c75-0000-0000000001b8,12c9daf5-a29c-36c9-ac55-28972463e566,Diana207 Bueno515,F,GENERAL PRACTICE,199 REEDSDALE ROAD,MILTON,MA,02186,42.24158900000001,-71.082651,9
0000016e-5f22-3c75-0000-0000000001ea,3bd5eda0-16da-3ba5-8500-4dfd6ae118b8,Melodee943 Grady603,F,GENERAL PRACTICE,800 WASHINGTON STREET,NORWOOD,MA,02062,42.18736,-71.195955,1
0000016e-5f22-3c75-0000-000000000258,d7b11827-25f2-350b-bcd8-939fc59851b0,Sanjuanita786 Kilback373,F,GENERAL PRACTICE,300 LONGWOOD AVENUE,BOSTON,MA,02115,42.33196,-71.020173,3
0000016e-5f22-3c75-0000-000000000564,d49e6f3e-feab-38e0-adeb-6d0cc8a92c5e,Ramón841 Almaraz628,M,NURSE PRACTITIONER,591 N AVE,WAKEFIELD,MA,01880-1648,42.50436,-71.064061,0
0000016e-5f22-3c75-0000-000000000564,d49e6f3e-feab-38e0-adeb-6d0cc8a92c5e,Georgianne697 Pfannerstill264,F,CLINICAL PSYCHOLOGIST,591 N AVE,WAKEFIELD,MA,01880-1648,42.50436,-71.064061,0
0000016e-5f22-3c75-0000-000000000564,d49e6f3e-feab-38e0-adeb-6d0cc8a92c5e,Kathi607 Kuhlman484,F,GENERAL PRACTICE,591 N AVE,WAKEFIELD,MA,01880-1648,42.50436,-71.064061,8
0000016e-5f22-3c75-0000-000000000668,dd1f04b3-54cd-3ff0-96e3-a9aec2078301,Nickolas58 Quigley282,M,CHIROPRACTIC,5 E MAIN ST,MERRIMAC,MA,01860-2005,42.838603000000006,-71.011997,0
0000016e-5f22-3c75-0000-000000000669,dd1f04b3-54cd-3ff0-96e3-a9aec2078301,Virgilio529 Zboncak558,M,CHIROPRACTIC,5 E MAIN ST,MERRIMAC,MA,01860-2005,42.838603000000006,-71.011997,0
0000016e-5f22-3c75-0000-000000000668,dd1f04b3-54cd-3ff0-96e3-a9aec2078301,Rosalyn434 Turner526,F,GENERAL PRACTICE,5 E MAIN ST,MERRIMAC,MA,01860-2005,42.838603000000006,-71.011997,41
0000016e-5f22-3c75-0000-000000000668,dd1f04b3-54cd-3ff0-96e3-a9aec2078301,Marco Antonio298 Covarrubias273,M,GASTROENTEROLOGY,5 E MAIN ST,MERRIMAC,MA,01860-2005,42.838603000000006,-71.011997,0
0000016e-5f22-3c75-0000-000000000744,7a90ea23-6a9c-3bd0-a62a-a462adbeee60,Broderick767 Lemke654,M,CLINICAL SOCIAL WORKER,132 FRONT ST,SCITUATE,MA,02066-1386,42.205062,-70.74297800000001,0
0000016e-5f22-3c75-0000-000000000745,7a90ea23-6a9c-3bd0-a62a-a462adbeee60,Jeanette800 Friesen796,F,CLINICAL SOCIAL WORKER,132 FRONT ST,SCITUATE,MA,02066-1386,42.205062,-70.74297800000001,0
0000016e-5f22-3c75-0000-000000000744,7a90ea23-6a9c-3bd0-a62a-a462adbeee60,Agustin437 Murray856,M,GENERAL PRACTICE,132 FRONT ST,SCITUATE,MA,02066-1386,42.205062,-70.74297800000001,36
0000016e-5f22-3c75-0000-000000000960,2e842845-6ec0-3590-8290-0192c1eab1cc,Janelle257 Runolfsdottir785,F,CLINICAL SOCIAL WORKER,94 PLEASANT ST,ARLINGTON,MA,02476-6535,42.418721999999995,-71.163912,0
0000016e-5f22-3c75-0000-000000000961,2e842845-6ec0-3590-8290-0192c1eab1cc,Edwardo860 Feest103,M,CLINICAL SOCIAL WORKER,94 PLEASANT ST,ARLINGTON,MA,02476-6535,42.418721999999995,-71.163912,0
0000016e-5f22-3c75-0000-000000000960,2e842845-6ec0-3590-8290-0192c1eab1cc,Winston220 Bergstrom287,M,GENERAL PRACTICE,94 PLEASANT ST,ARLINGTON,MA,02476-6535,42.418721999999995,-71.163912,36
0000016e-5f22-3c75-0000-000000000a14,59a4b308-6863-3bf6-8ef8-0e0f62d6b04e,Kellie778 Pagac496,F,OPTOMETRY,709 PLAIN ST,MARSHFIELD,MA,02050-2105,42.115139,-70.71033100000001,0
0000016e-5f22-3c75-0000-000000000a14,59a4b308-6863-3bf6-8ef8-0e0f62d6b04e,Carola944 Fadel536,F,GENERAL PRACTICE,709 PLAIN ST,MARSHFIELD,MA,02050-2105,42.115139,-70.71033100000001,44
0000016e-5f22-3c75-0000-000000000e2e,6ae741a1-f01a-398e-86f6-ec5fb6c32f14,Blythe746 McCullough561,F,GENERAL PRACTICE,20 TREMONT ST,DUXBURY,MA,02332-5315,42.044307,-70.70604499999999,7
0000016e-5f22-3c75-0000-000000000e2e,6ae741a1-f01a-398e-86f6-ec5fb6c32f14,Lettie611 Hirthe744,F,PLASTIC AND RECONSTRUCTIVE SURGERY,20 TREMONT ST,DUXBURY,MA,02332-5315,42.044307,-70.70604499999999,0
0000016e-5f22-3c75-0000-000000000e2f,6ae741a1-f01a-398e-86f6-ec5fb6c32f14,Kayce253 Johns824,F,PLASTIC AND RECONSTRUCTIVE SURGERY,20 TREMONT ST,DUXBURY,MA,02332-5315,42.044307,-70.70604499999999,0
0000016e-5f22-3c75-0000-0000000010b8,52cfd6b1-bb25-3447-a32a-3cbb0a7afd79,Michele387 Armstrong51,F,CLINICAL SOCIAL WORKER,162 WESTBORO RD,UPTON,MA,01568-1004,42.176526,-71.603588,0
0000016e-5f22-3c75-0000-0000000010b8,52cfd6b1-bb25-3447-a32a-3cbb0a7afd79,Jake169 Corkery305,M,GENERAL PRACTICE,162 WESTBORO RD,UPTON,MA,01568-1004,42.176526,-71.603588,51
0000016e-5f22-3c75-0000-000000001478,b81634a5-8d6e-3c8c-b788-a67ecd021995,Harley673 Robel940,M,CHIROPRACTIC,355 S MAIN ST,SHARON,MA,02067-1852,42.108463,-71.185182,0
0000016e-5f22-3c75-0000-000000001478,b81634a5-8d6e-3c8c-b788-a67ecd021995,Elisabeth967 Kris249,F,GENERAL PRACTICE,355 S MAIN ST,SHARON,MA,02067-1852,42.108463,-71.185182,23
0000016e-5f22-3c75-0000-0000000014be,973e7384-d05b-32ad-a8cc-c39191ee9150,Allan198 Hamill307,M,GENERAL PRACTICE,152 N ST,PITTSFILED,MA,01201,42.452045,-73.26054,56
0000016e-5f22-3c75-0000-000000001734,32b532e1-9438-3b9d-984b-207c8ffcdf9c,Myesha901 Muller251,F,GENERAL PRACTICE,80 WASHINGTON ST,NORWELL,MA,02061-1747,42.164569,-70.818844,32
0000016e-5f22-3c75-0000-000000001f72,6ba56742-6822-3d8f-8c97-e4bfed99b9d4,Jeramy610 Considine820,M,GENERAL PRACTICE,130 COLLEGE ST,SOUTH HADLEY,MA,01075-1493,42.256208,-72.58103,30
0000016e-5f22-3c75-0000-0000000025a8,0aa388c5-cfe9-3563-945a-05aa2bcf1cfc,Mable471 Crist667,F,REGISTERED DIETITIAN OR NUTRITION PROFESSIONAL,45 STERLING ST,WEST BOYLSTON,MA,01583-1268,42.369417,-71.785036,0
0000016e-5f22-3c75-0000-0000000025a9,0aa388c5-cfe9-3563-945a-05aa2bcf1cfc,Carolann504 Hauck852,F,REGISTERED DIETITIAN OR NUTRITION PROFESSIONAL,45 STERLING ST,WEST BOYLSTON,MA,01583-1268,42.369417,-71.785036,0
0000016e-5f22-3c75-0000-0000000025a8,0aa388c5-cfe9-3563-945a-05aa2bcf1cfc,Jude172 Streich926,M,GENERAL PRACTICE,45 STERLING ST,WEST BOYLSTON,MA,01583-1268,42.369417,-71.785036,55
0000016e-5f22-3c75-0000-000000002c60,e1702515-3333-3828-970b-e6c58ddc553e,Arturo47 Aguirre875,M,OPTOMETRY,75 BOSTON POST RD,WAYLAND,MA,01778-2406,42.360427,-71.361099,0
0000016e-5f22-3c75-0000-000000002c60,e1702515-3333-3828-970b-e6c58ddc553e,Rod343 Schinner682,M,GENERAL PRACTICE,75 BOSTON POST RD,WAYLAND,MA,01778-2406,42.360427,-71.361099,38
0000016e-5f22-3c75-0000-000000002c7e,1aff39b8-795f-3b7f-ba33-72648f3fa068,Tawana222 Bailey598,F,CHIROPRACTIC,6 HASCALL ST,SHREWSBURY,MA,01545-2904,42.284766999999995,-71.714228,0
0000016e-5f22-3c75-0000-000000002c7e,1aff39b8-795f-3b7f-ba33-72648f3fa068,Rachael540 Rolfson709,F,GENERAL PRACTICE,6 HASCALL ST,SHREWSBURY,MA,01545-2904,42.284766999999995,-71.714228,24
0000016e-5f22-3c75-0000-000000002e40,c0916a22-b437-360d-840c-1b96a2411abd,Clair921 Cormier289,M,CHIROPRACTIC,945 BEDFORD ST,ABINGTON,MA,02351-1202,42.119966999999995,-70.957211,0
0000016e-5f22-3c75-0000-000000002e40,c0916a22-b437-360d-840c-1b96a2411abd,Carrie738 Harber290,F,GENERAL PRACTICE,945 BEDFORD ST,ABINGTON,MA,02351-1202,42.119966999999995,-70.957211,56
0000016e-5f22-3c75-0000-000000002fe4,1307d755-a511-3b02-89e2-964bd16d21d8,Julio255 Jacobs452,M,GENERAL PRACTICE,466 MAIN ST,GREENFIELD,MA,01301-3316,42.614671,-72.597063,64
0000016e-5f22-3c75-0000-0000000039da,5519120c-af24-3f39-bb6c-b7fc0b50c8e6,Brook779 Luettgen772,F,GENERAL PRACTICE,630 S MAIN ST,LANESBOROUGH,MA,01237-9726,42.535857,-73.24113299999999,36
0000016e-5f22-3c75-0000-0000000039da,5519120c-af24-3f39-bb6c-b7fc0b50c8e6,Sebastian508 Nolan344,M,INTERNAL MEDICINE,630 S MAIN ST,LANESBOROUGH,MA,01237-9726,42.535857,-73.24113299999999,0
0000016e-5f22-3c75-0000-0000000039db,5519120c-af24-3f39-bb6c-b7fc0b50c8e6,Michel472 Schiller186,M,INTERNAL MEDICINE,630 S MAIN ST,LANESBOROUGH,MA,01237-9726,42.535857,-73.24113299999999,0
0000016e-5f22-3c75-0000-000000004448,dbaac6b3-04b6-3d4b-a020-b5e0f29d6729,Bethel526 Farrell962,F,GENERAL PRACTICE,101 ADAMS ST,QUINCY,MA,02169-2022,42.261006,-71.008988,58
0000016e-5f22-3c75-0000-0000000044ac,f88d7c22-fecc-3317-b441-f86e8e17fd90,Ima629 Blanda868,F,CLINICAL PSYCHOLOGIST,145 ROSEMARY ST,NEEDHAM,MA,02494-3259,42.281593,-71.242414,0
0000016e-5f22-3c75-0000-0000000044ad,f88d7c22-fecc-3317-b441-f86e8e17fd90,Junko239 Glover433,F,CLINICAL PSYCHOLOGIST,145 ROSEMARY ST,NEEDHAM,MA,02494-3259,42.281593,-71.242414,0
0000016e-5f22-3c75-0000-0000000044ac,f88d7c22-fecc-3317-b441-f86e8e17fd90,Elida479 Greenholt190,F,GENERAL PRACTICE,145 ROSEMARY ST,NEEDHAM,MA,02494-3259,42.281593,-71.242414,52
0000016e-5f22-3c75-0000-00000000567c,9f515520-f81b-33a1-9492-7ba53054804d,Lemuel304 Douglas31,M,CLINICAL PSYCHOLOGIST,30 POND ST,WALTHAM,MA,02451-4514,42.388921,-71.24226800000001,0
0000016e-5f22-3c75-0000-00000000567c,9f515520-f81b-33a1-9492-7ba53054804d,Reda120 Collier206,F,GENERAL PRACTICE,30 POND ST,WALTHAM,MA,02451-4514,42.388921,-71.24226800000001,13
0000016e-5f22-3c75-0000-0000000057d0,23ae9af5-8904-3b84-9ce1-61b0c59646c2,Fran41 Corkery305,F,CLINICAL PSYCHOLOGIST,3193 CRANBERRY HWY,E WAREHAM,MA,02538-4707,41.793699,-70.638745,0
0000016e-5f22-3c75-0000-0000000057d0,23ae9af5-8904-3b84-9ce1-61b0c59646c2,Guy979 Thiel172,M,GENERAL PRACTICE,3193 CRANBERRY HWY,E WAREHAM,MA,02538-4707,41.793699,-70.638745,45
0000016e-5f22-3c75-0000-000000005924,3b08dd3a-8d88-35f4-a706-a363e4d84ee3,Duncan491 Kovacek682,M,CLINICAL PSYCHOLOGIST,24 S PROSPECT ST,AMHERST,MA,01002-2293,42.363534,-72.50729100000001,0
0000016e-5f22-3c75-0000-000000005924,3b08dd3a-8d88-35f4-a706-a363e4d84ee3,Joe656 Bashirian201,M,CLINICAL SOCIAL WORKER,24 S PROSPECT ST,AMHERST,MA,01002-2293,42.363534,-72.50729100000001,0
0000016e-5f22-3c75-0000-000000005925,3b08dd3a-8d88-35f4-a706-a363e4d84ee3,Betty470 Mohr916,F,CLINICAL SOCIAL WORKER,24 S PROSPECT ST,AMHERST,MA,01002-2293,42.363534,-72.50729100000001,0
0000016e-5f22-3c75-0000-000000005924,3b08dd3a-8d88-35f4-a706-a363e4d84ee3,Sylvia544 Bogisich202,F,GENERAL PRACTICE,24 S PROSPECT ST,AMHERST,MA,01002-2293,42.363534,-72.50729100000001,53
0000016e-5f22-3c75-0000-000000005be0,3fc0df86-10e3-3e02-9014-c8123ec39886,Oswaldo857 Reichel38,M,GENERAL PRACTICE,2016 OCEAN ST,MARSHFIELD,MA,02050-3100,42.115139,-70.71033100000001,62
0000016e-5f22-3c75-0000-000000005e38,efb7289e-5b25-3eb1-a837-584a5dd5f5b8,Elodia940 Feeney44,F,PSYCHIATRY,53 LAUREL RD,WESTON,MA,02493-1610,42.360502000000004,-71.303433,0
0000016e-5f22-3c75-0000-000000005e38,efb7289e-5b25-3eb1-a837-584a5dd5f5b8,Leonor133 Figueroa648,F,GENERAL PRACTICE,53 LAUREL RD,WESTON,MA,02493-1610,42.360502000000004,-71.303433,69
0000016e-5f22-3c75-0000-000000006216,cd1de71e-98d1-3cba-8fd2-2b20331ff03f,Augustine565 Schmeler639,M,CHIROPRACTIC,589 DARTMOUTH ST,S DARTMOUTH,MA,02748-2516,41.661303,-70.937913,0
0000016e-5f22-3c75-0000-000000006216,cd1de71e-98d1-3cba-8fd2-2b20331ff03f,Derick144 Quigley282,M,GENERAL PRACTICE,589 DARTMOUTH ST,S DARTMOUTH,MA,02748-2516,41.661303,-70.937913,29
0000016e-5f22-3c75-0000-000000006306,e3ed789e-462f-3e75-9852-0aaad71aee63,Opal236 Fisher429,F,GENERAL PRACTICE,340 MAPLE ST,MARLBOROUGH,MA,01752-3200,42.349616999999995,-71.547214,52
0000016e-5f22-3c75-0000-000000006ab8,945768aa-2200-3476-b042-993a9df74c65,Lionel365 Stamm704,M,PHYSICAL THERAPY,19 N MAIN ST,SHERBORN,MA,01770-1546,42.231947,-71.372963,0
0000016e-5f22-3c75-0000-000000006ab9,945768aa-2200-3476-b042-993a9df74c65,Sabrina514 Weissnat378,F,PHYSICAL THERAPY,19 N MAIN ST,SHERBORN,MA,01770-1546,42.231947,-71.372963,0
0000016e-5f22-3c75-0000-000000006aba,945768aa-2200-3476-b042-993a9df74c65,Kathy623 Wiegand701,F,PHYSICAL THERAPY,19 N MAIN ST,SHERBORN,MA,01770-1546,42.231947,-71.372963,0
0000016e-5f22-3c75-0000-000000006abb,945768aa-2200-3476-b042-993a9df74c65,James276 Hirthe744,M,PHYSICAL THERAPY,19 N MAIN ST,SHERBORN,MA,01770-1546,42.231947,-71.372963,0
0000016e-5f22-3c75-0000-000000006ab8,945768aa-2200-3476-b042-993a9df74c65,Luisa710 Alonso270,F,GENERAL PRACTICE,19 N MAIN ST,SHERBORN,MA,01770-1546,42.231947,-71.372963,83
0000016e-5f22-3c75-0000-000000007882,8aec004c-adcc-3253-9ed4-a4adf4370e0c,Kimberli643 Nolan344,F,GENERAL PRACTICE,2 OAK ST,MASHPEE,MA,02649-7137,41.617622999999995,-70.492713,39
0000016e-5f22-3c75-0000-0000000078f0,d41e1d92-ef22-3a5d-abdd-266e5162a9e3,Rafael239 Moya426,M,GENERAL PRACTICE,133 FALMOUTH RD,MASHPEE,MA,02649-2611,41.617622999999995,-70.492713,38
0000016e-5f22-3c75-0000-0000000079a4,4b4d5880-b0ad-3246-9804-078e99f5bfa8,Korey682 Breitenberg711,M,CLINICAL PSYCHOLOGIST,6 PLYMPTON ST,MIDDLEBORO,MA,02346-1602,41.894223,-70.925689,0
0000016e-5f22-3c75-0000-0000000079a5,4b4d5880-b0ad-3246-9804-078e99f5bfa8,Kathi607 Luettgen772,F,CLINICAL PSYCHOLOGIST,6 PLYMPTON ST,MIDDLEBORO,MA,02346-1602,41.894223,-70.925689,0
0000016e-5f22-3c75-0000-0000000079a4,4b4d5880-b0ad-3246-9804-078e99f5bfa8,Colton403 O'Connell601,M,CLINICAL SOCIAL WORKER,6 PLYMPTON ST,MIDDLEBORO,MA,02346-1602,41.894223,-70.925689,0
0000016e-5f22-3c75-0000-0000000079a5,4b4d5880-b0ad-3246-9804-078e99f5bfa8,Raphael767 Howe413,M,CLINICAL SOCIAL WORKER,6 PLYMPTON ST,MIDDLEBORO,MA,02346-1602,41.894223,-70.925689,0
0000016e-5f22-3c75-0000-0000000079a4,4b4d5880-b0ad-3246-9804-078e99f5bfa8,Janiece99 Mills423,F,GENERAL PRACTICE,6 PLYMPTON ST,MIDDLEBORO,MA,02346-1602,41.894223,-70.925689,34
0000016e-5f22-3c75-0000-000000007bac,b56ad562-aed6-36d1-8595-637731280381,Amado512 Will178,M,CHIROPRACTIC,1289 MASS AVE,ARLINGTON,MA,02476-4109,42.418721999999995,-71.163912,0
0000016e-5f22-3c75-0000-000000007bac,b56ad562-aed6-36d1-8595-637731280381,Julie245 Fay398,F,GENERAL PRACTICE,1289 MASS AVE,ARLINGTON,MA,02476-4109,42.418721999999995,-71.163912,21
0000016e-5f22-3c75-0000-0000000083b8,825c9254-2ca4-335c-8abf-b33dc19e796c,Marquis364 Dibbert990,M,GENERAL PRACTICE,6 BARTLETT RD,WINTHROP,MA,02152-2913,42.375541,-70.970646,50
0000016e-5f22-3c75-0000-0000000084d0,669ed757-88f1-3986-b55b-b49e1964e0e7,Lamar193 Spinka232,M,GENERAL PRACTICE,300 CONGRESS ST,QUINCY,MA,02169-0907,42.261006,-71.008988,28
0000016e-5f22-3c75-0000-000000008980,6fadab74-5f38-3f14-ad60-9617dab64c08,Danny396 Hickle134,M,NURSE PRACTITIONER,63 PLEASANT ST,WATERTOWN,MA,02472-2386,42.369451,-71.177925,0
0000016e-5f22-3c75-0000-000000008980,6fadab74-5f38-3f14-ad60-9617dab64c08,Albertha209 Willms744,F,CHIROPRACTIC,63 PLEASANT ST,WATERTOWN,MA,02472-2386,42.369451,-71.177925,0
0000016e-5f22-3c75-0000-000000008981,6fadab74-5f38-3f14-ad60-9617dab64c08,Guillermina633 Moreno82,F,CHIROPRACTIC,63 PLEASANT ST,WATERTOWN,MA,02472-2386,42.369451,-71.177925,0
0000016e-5f22-3c75-0000-000000008980,6fadab74-5f38-3f14-ad60-9617dab64c08,Corazon138 Ullrich385,F,OBSTETRICS/GYNECOLOGY,63 PLEASANT ST,WATERTOWN,MA,02472-2386,42.369451,-71.177925,0
0000016e-5f22-3c75-0000-000000008980,6fadab74-5f38-3f14-ad60-9617dab64c08,Roxann426 Wolf938,F,CERTIFIED NURSE MIDWIFE,63 PLEASANT ST,WATERTOWN,MA,02472-2386,42.369451,-71.177925,0
0000016e-5f22-3c75-0000-000000008980,6fadab74-5f38-3f14-ad60-9617dab64c08,Jaimie425 Wolf938,F,GENERAL PRACTICE,63 PLEASANT ST,WATERTOWN,MA,02472-2386,42.369451,-71.177925,28
0000016e-5f22-3c75-0000-000000008980,6fadab74-5f38-3f14-ad60-9617dab64c08,Leandro563 Hoppe518,M,INTERNAL MEDICINE,63 PLEASANT ST,WATERTOWN,MA,02472-2386,42.369451,-71.177925,0
0000016e-5f22-3c75-0000-000000008981,6fadab74-5f38-3f14-ad60-9617dab64c08,Von197 Murray856,M,INTERNAL MEDICINE,63 PLEASANT ST,WATERTOWN,MA,02472-2386,42.369451,-71.177925,0
0000016e-5f22-3c75-0000-0000000090a6,b4ee442b-fc35-30bc-8be0-0a62c5d7640c,Pandora807 Torp761,F,GENERAL PRACTICE,69 SUMMER ST,HAVERHILL,MA,01830-5855,42.782945,-71.087436,51
0000016e-5f22-3c75-0000-000000009948,f9feb224-da71-34f8-a37b-cbaca51ee431,Hugo693 Campos61,M,GENERAL PRACTICE,221 QUINCY AVE B,QUINCY,MA,02169-6754,42.261006,-71.008988,87
0000016e-5f22-3c75-0000-0000000099e8,b7367199-f783-3a8d-8227-f38a2ec18d06,Willena258 Abshire638,F,PSYCHIATRY,19 WHEELOCK ST,SHREWSBURY,MA,01545-1834,42.284766999999995,-71.714228,0
0000016e-5f22-3c75-0000-0000000099e8,b7367199-f783-3a8d-8227-f38a2ec18d06,Fredda152 Ryan260,F,GENERAL PRACTICE,19 WHEELOCK ST,SHREWSBURY,MA,01545-1834,42.284766999999995,-71.714228,65
0000016e-5f22-3c75-0000-000000009cb8,0507f525-c041-34d0-b731-f39f2b7239c0,Mel236 Wuckert783,M,CLINICAL SOCIAL WORKER,32 E NORTHFIELD RD,NORTHFIELD,MA,01360-9668,42.677091,-72.453876,0
0000016e-5f22-3c75-0000-000000009cb8,0507f525-c041-34d0-b731-f39f2b7239c0,Christoper325 Schaden604,M,GENERAL PRACTICE,32 E NORTHFIELD RD,NORTHFIELD,MA,01360-9668,42.677091,-72.453876,42
0000016e-5f22-3c75-0000-000000009cd6,cec2cd99-6c3d-3286-b692-33adf5f01285,Chauncey770 Ankunding277,M,GENERAL PRACTICE,356 MONTAGUE CITY RD,TURNERS FALLS,MA,01376-1830,42.597445,-72.555278,35
0000016e-5f22-3c75-0000-000000009fe2,8ce019bb-db8d-3daa-93a0-491e9c629686,Flavia315 Friesen796,F,GENERAL PRACTICE,1 HAWTHORNE PL,BOSTON,MA,02114-2333,42.338551,-71.018253,33
0000016e-5f22-3c75-0000-00000000a99c,06cd49bd-8db3-3e14-b628-d3045e2509f7,Alfreda3 Marquardt819,F,CHIROPRACTIC,51 UNION ST,EASTHAMPTON,MA,01027-1446,42.265435,-72.670813,0
0000016e-5f22-3c75-0000-00000000a99c,06cd49bd-8db3-3e14-b628-d3045e2509f7,Eldridge510 Will178,M,GENERAL PRACTICE,51 UNION ST,EASTHAMPTON,MA,01027-1446,42.265435,-72.670813,24
0000016e-5f22-3c75-0000-00000000aaf0,9e22996b-ab3f-3d99-9f9d-6659ae260966,Lacresha805 Dietrich576,F,PHYSICAL THERAPY,311 ARSENAL ST,WATERTOWN,MA,02472-2783,42.369451,-71.177925,0
0000016e-5f22-3c75-0000-00000000aaf0,9e22996b-ab3f-3d99-9f9d-6659ae260966,Eddie505 Boyer713,M,GENERAL PRACTICE,311 ARSENAL ST,WATERTOWN,MA,02472-2783,42.369451,-71.177925,53
0000016e-5f22-3c75-0000-00000000ab4a,04bf2908-8de0-3839-b762-90b687fb2ea1,Leon728 Howe413,M,GENERAL PRACTICE,45 B DISCOVERY WAY,ACTON,MA,01720-4482,42.483953,-71.43849499999999,109
0000016e-5f22-3c75-0000-00000000ab4a,04bf2908-8de0-3839-b762-90b687fb2ea1,Robin66 Ortiz186,M,INTERNAL MEDICINE,45 B DISCOVERY WAY,ACTON,MA,01720-4482,42.483953,-71.43849499999999,0
0000016e-5f22-3c75-0000-00000000ab4a,04bf2908-8de0-3839-b762-90b687fb2ea1,Fritz267 Simonis280,M,GASTROENTEROLOGY,45 B DISCOVERY WAY,ACTON,MA,01720-4482,42.483953,-71.43849499999999,0
0000016e-5f22-3c75-0000-00000000ab4b,04bf2908-8de0-3839-b762-90b687fb2ea1,Allison818 Douglas31,F,GASTROENTEROLOGY,45 B DISCOVERY WAY,ACTON,MA,01720-4482,42.483953,-71.43849499999999,0
0000016e-5f22-3c75-0000-00000000ab4c,04bf2908-8de0-3839-b762-90b687fb2ea1,Milton509 Walker122,M,GASTROENTEROLOGY,45 B DISCOVERY WAY,ACTON,MA,01720-4482,42.483953,-71.43849499999999,0
0000016e-5f22-3c75-0000-00000000ae74,99157068-4f0d-3906-8723-d8b7fda349f5,Ted955 Wilkinson796,M,CHIROPRACTIC,1533 LAKEVIEW AVE,DRACUT,MA,01826-3324,42.679722999999996,-71.30068,0
0000016e-5f22-3c75-0000-00000000ae75,99157068-4f0d-3906-8723-d8b7fda349f5,Jung484 Schinner682,F,CHIROPRACTIC,1533 LAKEVIEW AVE,DRACUT,MA,01826-3324,42.679722999999996,-71.30068,0
0000016e-5f22-3c75-0000-00000000ae74,99157068-4f0d-3906-8723-d8b7fda349f5,Damion480 Mayer370,M,GENERAL PRACTICE,1533 LAKEVIEW AVE,DRACUT,MA,01826-3324,42.679722999999996,-71.30068,35
0000016e-5f22-3c75-0000-00000000b0e0,2159decf-77f0-31ca-bb51-a9b2b5db45ff,Doug189 Shields502,M,CLINICAL SOCIAL WORKER,370 OAK ST,BROCKTON,MA,02301-1303,42.082543,-71.024638,0
0000016e-5f22-3c75-0000-00000000b0e1,2159decf-77f0-31ca-bb51-a9b2b5db45ff,Thad495 Douglas31,M,CLINICAL SOCIAL WORKER,370 OAK ST,BROCKTON,MA,02301-1303,42.082543,-71.024638,0
0000016e-5f22-3c75-0000-00000000b0e0,2159decf-77f0-31ca-bb51-a9b2b5db45ff,Criselda629 Simonis280,F,GENERAL PRACTICE,370 OAK ST,BROCKTON,MA,02301-1303,42.082543,-71.024638,32
0000016e-5f22-3c75-0000-00000000b52c,20035438-faf9-3434-b171-8bf6dd712735,Amada498 Gleason633,F,GENERAL PRACTICE,1234 BROADWAY,SOMERVILLE,MA,02144-1703,42.390445,-71.101033,32
0000016e-5f22-3c75-0000-00000000b86a,e4ce327e-73b3-30c2-92b2-438a69bc39e5,Sean831 Herman763,M,GENERAL PRACTICE,919 MAIN ST,WILBRAHAM,MA,01095-2647,42.126883,-72.430952,35
0000016e-5f22-3c75-0000-00000000b9b4,eb845316-3e54-3171-a63c-4a2447128b67,Marlon619 Veum823,M,PHYSICIAN ASSISTANT,725 TIMPANY BLVD,GARDNER,MA,01440-3453,42.584206,-71.988737,0
0000016e-5f22-3c75-0000-00000000b9b5,eb845316-3e54-3171-a63c-4a2447128b67,Miguel815 Rutherford999,M,PHYSICIAN ASSISTANT,725 TIMPANY BLVD,GARDNER,MA,01440-3453,42.584206,-71.988737,0
0000016e-5f22-3c75-0000-00000000b9b6,eb845316-3e54-3171-a63c-4a2447128b67,Edward499 Mills423,M,PHYSICIAN ASSISTANT,725 TIMPANY BLVD,GARDNER,MA,01440-3453,42.584206,-71.988737,0
0000016e-5f22-3c75-0000-00000000b9b4,eb845316-3e54-3171-a63c-4a2447128b67,Gloria696 Berríos934,F,FAMILY PRACTICE,725 TIMPANY BLVD,GARDNER,MA,01440-3453,42.584206,-71.988737,0
0000016e-5f22-3c75-0000-00000000b9b4,eb845316-3e54-3171-a63c-4a2447128b67,Samuel331 Schmeler639,F,GENERAL PRACTICE,725 TIMPANY BLVD,GARDNER,MA,01440-3453,42.584206,-71.988737,54
0000016e-5f22-3c75-0000-00000000bb6c,0edf8992-5b46-399e-b893-bad48709e8ca,Salina386 Wintheiser220,F,AUDIOLOGIST,158 BRIDGE RD D,SALISBURY,MA,01952-2446,42.844794,-70.841499,0
0000016e-5f22-3c75-0000-00000000bb6c,0edf8992-5b46-399e-b893-bad48709e8ca,Larraine124 Fisher429,F,GENERAL PRACTICE,158 BRIDGE RD D,SALISBURY,MA,01952-2446,42.844794,-70.841499,53
0000016e-5f22-3c75-0000-00000000bd1a,f6e2a178-26e1-36d1-85bc-70f1bb5cdc21,Taryn906 Trantow673,F,GENERAL PRACTICE,1 WASHINGTON ST,WELLESLEY HILLS,MA,02481-1706,42.30539,-71.28366899999997,62
0000016e-5f22-3c75-0000-00000000c080,a7d76183-97c6-3804-93aa-7919103d1c6c,Bradley693 Stokes453,M,GENERAL PRACTICE,335 MAIN ST,SAUGUS,MA,01906-3143,42.468432,-71.01394599999999,2
0000016e-5f22-3c75-0000-00000000c094,01432835-fec2-3de6-b22a-540221c97385,Ira784 Wolf938,M,OPTOMETRY,133 MAIN ST,NORTH READING,MA,01864-5002,42.578222,-71.084398,0
0000016e-5f22-3c75-0000-00000000c094,01432835-fec2-3de6-b22a-540221c97385,Solomon675 Feeney44,M,GENERAL PRACTICE,133 MAIN ST,NORTH READING,MA,01864-5002,42.578222,-71.084398,32
0000016e-5f22-3c75-0000-00000000c3b4,33594411-999d-33ce-a276-829417743cd4,Santiago500 Sedillo152,M,GENERAL PRACTICE,5 E MAIN ST,WESTBOROUGH,MA,01581-1444,42.268426,-71.613309,31
0000016e-5f22-3c75-0000-00000000c666,060d4631-3566-3d04-9205-2827b0f87c2e,Rueben647 Casper496,M,OPHTHALMOLOGY,111 EVERETT AVE,CHELSEA,MA,02150-2380,42.396824,-71.031348,0
0000016e-5f22-3c75-0000-00000000c667,060d4631-3566-3d04-9205-2827b0f87c2e,Tamika537 Lockman863,F,OPHTHALMOLOGY,111 EVERETT AVE,CHELSEA,MA,02150-2380,42.396824,-71.031348,0
0000016e-5f22-3c75-0000-00000000c666,060d4631-3566-3d04-9205-2827b0f87c2e,Danial835 Yost751,M,GENERAL PRACTICE,111 EVERETT AVE,CHELSEA,MA,02150-2380,42.396824,-71.031348,30
0000016e-5f22-3c75-0000-00000000c918,2f91d3ab-a14c-391f-8a39-dc157293d5ac,Johanne551 Lind531,F,CHIROPRACTIC,1223 THORNDIKE ST,PALMER,MA,01069-1564,42.187794,-72.30846899999997,0
0000016e-5f22-3c75-0000-00000000c918,2f91d3ab-a14c-391f-8a39-dc157293d5ac,Jose871 Turcotte120,M,GENERAL PRACTICE,1223 THORNDIKE ST,PALMER,MA,01069-1564,42.187794,-72.30846899999997,31
0000016e-5f22-3c75-0000-00000000cd32,150d4bec-d11c-3014-8818-45127743725d,Earline566 Hintz995,F,PHYSICAL THERAPY,69 BAYVIEW AVE,BERKLEY,MA,02779-1924,41.838060999999996,-71.07761500000001,0
0000016e-5f22-3c75-0000-00000000cd32,150d4bec-d11c-3014-8818-45127743725d,Dustin31 Heathcote539,M,GENERAL PRACTICE,69 BAYVIEW AVE,BERKLEY,MA,02779-1924,41.838060999999996,-71.07761500000001,70
0000016e-5f22-3c75-0000-00000000d4ee,9dbb19cc-ead3-3b8c-9a02-430632d7dade,Mitchell808 Goldner995,M,PHYSICAL THERAPY,161 COLLEGE AVE,MEDFORD,MA,02155-5528,42.423844,-71.10923100000001,0
0000016e-5f22-3c75-0000-00000000d4ee,9dbb19cc-ead3-3b8c-9a02-430632d7dade,Shawn523 Okuneva707,F,GENERAL PRACTICE,161 COLLEGE AVE,MEDFORD,MA,02155-5528,42.423844,-71.10923100000001,51
0000016e-5f22-3c75-0000-00000000d610,80ed1ec8-3bf9-3f5a-aabc-8ecffba19d95,Veronika907 Berge125,F,GENERAL PRACTICE,490 CHAPMAN ST,CANTON,MA,02021-2039,42.175737,-71.125385,97
0000016e-5f22-3c75-0000-00000000d610,80ed1ec8-3bf9-3f5a-aabc-8ecffba19d95,Laci507 Durgan499,F,GENERAL SURGERY,490 CHAPMAN ST,CANTON,MA,02021-2039,42.175737,-71.125385,0
0000016e-5f22-3c75-0000-00000000da34,901f771f-9dba-365d-a393-ed2766e4d66f,Sona831 Fritsch593,F,NURSE PRACTITIONER,506 GROTON RD,WESTFORD,MA,01886-6326,42.585541,-71.44025,0
0000016e-5f22-3c75-0000-00000000da34,901f771f-9dba-365d-a393-ed2766e4d66f,Zachary28 Klocko335,M,PHYSICIAN ASSISTANT,506 GROTON RD,WESTFORD,MA,01886-6326,42.585541,-71.44025,0
0000016e-5f22-3c75-0000-00000000da35,901f771f-9dba-365d-a393-ed2766e4d66f,Jimmy858 Wuckert783,F,PHYSICIAN ASSISTANT,506 GROTON RD,WESTFORD,MA,01886-6326,42.585541,-71.44025,0
0000016e-5f22-3c75-0000-00000000da34,901f771f-9dba-365d-a393-ed2766e4d66f,Svetlana462 Bernier607,F,RHEUMATOLOGY,506 GROTON RD,WESTFORD,MA,01886-6326,42.585541,-71.44025,0
0000016e-5f22-3c75-0000-00000000da35,901f771f-9dba-365d-a393-ed2766e4d66f,Cornelius968 Waters156,M,RHEUMATOLOGY,506 GROTON RD,WESTFORD,MA,01886-6326,42.585541,-71.44025,0
0000016e-5f22-3c75-0000-00000000da34,901f771f-9dba-365d-a393-ed2766e4d66f,Derrick232 Bogan287,M,GENERAL PRACTICE,506 GROTON RD,WESTFORD,MA,01886-6326,42.585541,-71.44025,43
0000016e-5f22-3c75-0000-00000000da34,901f771f-9dba-365d-a393-ed2766e4d66f,Tanisha724 Rau926,F,DERMATOLOGY,506 GROTON RD,WESTFORD,MA,01886-6326,42.585541,-71.44025,0
0000016e-5f22-3c75-0000-00000000de08,f02902d7-aafe-3630-9022-988251e1e390,Rozella39 Kautzer186,F,CLINICAL SOCIAL WORKER,211 MORRISON AVE,SOMERVILLE,MA,02144-2017,42.390445,-71.101033,0
0000016e-5f22-3c75-0000-00000000de08,f02902d7-aafe-3630-9022-988251e1e390,Monty345 Lemke654,M,GENERAL PRACTICE,211 MORRISON AVE,SOMERVILLE,MA,02144-2017,42.390445,-71.101033,58
0000016e-5f22-3c75-0000-00000000e362,5c2ac6f1-d8fa-33b4-a83d-968bd256e9c8,Renae431 Pagac496,F,OPTOMETRY,19 VILLAGE SQUARE,CHELMSFORD,MA,01824-2712,42.597055,-71.3697,0
0000016e-5f22-3c75-0000-00000000e363,5c2ac6f1-d8fa-33b4-a83d-968bd256e9c8,Lewis216 Thiel172,M,OPTOMETRY,19 VILLAGE SQUARE,CHELMSFORD,MA,01824-2712,42.597055,-71.3697,0
0000016e-5f22-3c75-0000-00000000e364,5c2ac6f1-d8fa-33b4-a83d-968bd256e9c8,Will178 Kovacek682,M,OPTOMETRY,19 VILLAGE SQUARE,CHELMSFORD,MA,01824-2712,42.597055,-71.3697,0
0000016e-5f22-3c75-0000-00000000e365,5c2ac6f1-d8fa-33b4-a83d-968bd256e9c8,Ester635 Mante251,F,OPTOMETRY,19 VILLAGE SQUARE,CHELMSFORD,MA,01824-2712,42.597055,-71.3697,0
0000016e-5f22-3c75-0000-00000000e366,5c2ac6f1-d8fa-33b4-a83d-968bd256e9c8,Scarlett814 Rolfson709,F,OPTOMETRY,19 VILLAGE SQUARE,CHELMSFORD,MA,01824-2712,42.597055,-71.3697,0
0000016e-5f22-3c75-0000-00000000e362,5c2ac6f1-d8fa-33b4-a83d-968bd256e9c8,Malcom15 Ward668,M,OPHTHALMOLOGY,19 VILLAGE SQUARE,CHELMSFORD,MA,01824-2712,42.597055,-71.3697,0
0000016e-5f22-3c75-0000-00000000e363,5c2ac6f1-d8fa-33b4-a83d-968bd256e9c8,Tommye961 Hermann103,F,OPHTHALMOLOGY,19 VILLAGE SQUARE,CHELMSFORD,MA,01824-2712,42.597055,-71.3697,0
0000016e-5f22-3c75-0000-00000000e364,5c2ac6f1-d8fa-33b4-a83d-968bd256e9c8,Chanel977 Rohan584,F,OPHTHALMOLOGY,19 VILLAGE SQUARE,CHELMSFORD,MA,01824-2712,42.597055,-71.3697,0
0000016e-5f22-3c75-0000-00000000e365,5c2ac6f1-d8fa-33b4-a83d-968bd256e9c8,Kieth891 Kuphal363,M,OPHTHALMOLOGY,19 VILLAGE SQUARE,CHELMSFORD,MA,01824-2712,42.597055,-71.3697,0
0000016e-5f22-3c75-0000-00000000e366,5c2ac6f1-d8fa-33b4-a83d-968bd256e9c8,Richie600 Johnston597,M,OPHTHALMOLOGY,19 VILLAGE SQUARE,CHELMSFORD,MA,01824-2712,42.597055,-71.3697,0
0000016e-5f22-3c75-0000-00000000e367,5c2ac6f1-d8fa-33b4-a83d-968bd256e9c8,Federico589 Gusikowski974,M,OPHTHALMOLOGY,19 VILLAGE SQUARE,CHELMSFORD,MA,01824-2712,42.597055,-71.3697,0
0000016e-5f22-3c75-0000-00000000e368,5c2ac6f1-d8fa-33b4-a83d-968bd256e9c8,Rosario163 Hagenes547,M,OPHTHALMOLOGY,19 VILLAGE SQUARE,CHELMSFORD,MA,01824-2712,42.597055,-71.3697,0
0000016e-5f22-3c75-0000-00000000e362,5c2ac6f1-d8fa-33b4-a83d-968bd256e9c8,Zachary28 Muller251,M,GENERAL PRACTICE,19 VILLAGE SQUARE,CHELMSFORD,MA,01824-2712,42.597055,-71.3697,45
0000016e-5f22-3c75-0000-00000000f41a,bce310c4-5b58-330c-85ab-36faa54c2d0c,Charis952 Huel628,F,GENERAL PRACTICE,200 WALNUT ST,SAUGUS,MA,01906-1158,42.468432,-71.01394599999999,25
0000016e-5f22-3c75-0000-00000000f794,478961ba-31a9-39eb-9d91-1a035372c1bb,Marcellus830 Dickens475,M,GENERAL PRACTICE,600 CLARK RD,TEWKSBURY,MA,01876-1699,42.612088,-71.227845,45
0000016e-5f22-3c75-0000-00000000fdd4,2aa968f9-f021-32c3-8a11-2ad46896cdf3,Daniel959 Deleón21,M,GENERAL PRACTICE,92 HIGHLAND ST,MILTON,MA,02186-3800,42.241557,-71.082432,28
0000016e-5f22-3c75-0000-00000000feba,a80d12b0-8231-3a46-892d-97bb7d64c188,Wendolyn786 Ankunding277,F,NURSE PRACTITIONER,532 SUMNER AVE,SPRINGFIELD,MA,01108-2458,42.115454,-72.539978,0
0000016e-5f22-3c75-0000-00000000febb,a80d12b0-8231-3a46-892d-97bb7d64c188,Kandi717 Mraz590,F,NURSE PRACTITIONER,532 SUMNER AVE,SPRINGFIELD,MA,01108-2458,42.115454,-72.539978,0
0000016e-5f22-3c75-0000-00000000feba,a80d12b0-8231-3a46-892d-97bb7d64c188,Roberta529 Gulgowski816,F,PHYSICIAN ASSISTANT,532 SUMNER AVE,SPRINGFIELD,MA,01108-2458,42.115454,-72.539978,0
0000016e-5f22-3c75-0000-00000000feba,a80d12b0-8231-3a46-892d-97bb7d64c188,Lemuel304 Zulauf375,M,GENERAL PRACTICE,532 SUMNER AVE,SPRINGFIELD,MA,01108-2458,42.115454,-72.539978,49
0000016e-5f22-3c75-0000-00000000feba,a80d12b0-8231-3a46-892d-97bb7d64c188,Vena594 Green467,F,INTERNAL MEDICINE,532 SUMNER AVE,SPRINGFIELD,MA,01108-2458,42.115454,-72.539978,0
0000016e-5f22-3c75-0000-00000000feba,a80d12b0-8231-3a46-892d-97bb7d64c188,Norine97 Gutkowski940,F,HEMATOLOGY/ONCOLOGY,532 SUMNER AVE,SPRINGFIELD,MA,01108-2458,42.115454,-72.539978,0
0000016e-5f22-3c75-0000-000000010130,15019426-277a-30bd-9d48-3dde152fe519,Bob965 Hegmann834,M,CARDIOVASCULAR DISEASE (CARDIOLOGY),236 MILFORD ST,UPTON,MA,01568-1309,42.176526,-71.603588,0
0000016e-5f22-3c75-0000-000000010131,15019426-277a-30bd-9d48-3dde152fe519,Duane703 Kilback373,M,CARDIOVASCULAR DISEASE (CARDIOLOGY),236 MILFORD ST,UPTON,MA,01568-1309,42.176526,-71.603588,0
0000016e-5f22-3c75-0000-000000010132,15019426-277a-30bd-9d48-3dde152fe519,Ian270 Schaefer657,M,CARDIOVASCULAR DISEASE (CARDIOLOGY),236 MILFORD ST,UPTON,MA,01568-1309,42.176526,-71.603588,0
0000016e-5f22-3c75-0000-000000010133,15019426-277a-30bd-9d48-3dde152fe519,Noah480 Stokes453,M,CARDIOVASCULAR DISEASE (CARDIOLOGY),236 MILFORD ST,UPTON,MA,01568-1309,42.176526,-71.603588,0
0000016e-5f22-3c75-0000-000000010134,15019426-277a-30bd-9d48-3dde152fe519,Lowell343 Hickle134,M,CARDIOVASCULAR DISEASE (CARDIOLOGY),236 MILFORD ST,UPTON,MA,01568-1309,42.176526,-71.603588,0
0000016e-5f22-3c75-0000-000000010130,15019426-277a-30bd-9d48-3dde152fe519,Hugo693 Mireles421,M,PHYSICIAN ASSISTANT,236 MILFORD ST,UPTON,MA,01568-1309,42.176526,-71.603588,0
0000016e-5f22-3c75-0000-000000010131,15019426-277a-30bd-9d48-3dde152fe519,Mary779 Schiller186,M,PHYSICIAN ASSISTANT,236 MILFORD ST,UPTON,MA,01568-1309,42.176526,-71.603588,0
0000016e-5f22-3c75-0000-000000010130,15019426-277a-30bd-9d48-3dde152fe519,Ailene520 Lang846,F,GENERAL PRACTICE,236 MILFORD ST,UPTON,MA,01568-1309,42.176526,-71.603588,31
0000016e-5f22-3c75-0000-000000010392,fb692b45-4246-3574-84cb-7d636ae3aa2e,Cortney940 Ankunding277,F,GENERAL PRACTICE,201 HIGHLAND ST,CLINTON,MA,01510-1037,42.411887,-71.690005,59
0000016e-5f22-3c75-0000-0000000106ee,5342f6b7-4ddb-3ca5-a12d-e4f4516a74af,Jeffery551 Moen819,M,GENERAL PRACTICE,1029 PLEASANT ST,BRIDGEWATER,MA,02324-2301,41.972376000000004,-70.978773,37
0000016e-5f22-3c75-0000-000000010a68,76a80350-916e-3fc9-8fed-2c8c4b36c42f,Song837 Leannon79,F,NURSE PRACTITIONER,301 BROADWAY,CHELSEA,MA,02150-2807,42.396824,-71.031348,0
0000016e-5f22-3c75-0000-000000010a68,76a80350-916e-3fc9-8fed-2c8c4b36c42f,Clifton91 Bernier607,M,PSYCHIATRY,301 BROADWAY,CHELSEA,MA,02150-2807,42.396824,-71.031348,0
0000016e-5f22-3c75-0000-000000010a69,76a80350-916e-3fc9-8fed-2c8c4b36c42f,Mariano761 Narváez57,M,PSYCHIATRY,301 BROADWAY,CHELSEA,MA,02150-2807,42.396824,-71.031348,0
0000016e-5f22-3c75-0000-000000010a6a,76a80350-916e-3fc9-8fed-2c8c4b36c42f,Tracey100 Dicki44,M,PSYCHIATRY,301 BROADWAY,CHELSEA,MA,02150-2807,42.396824,-71.031348,0
0000016e-5f22-3c75-0000-000000010a6b,76a80350-916e-3fc9-8fed-2c8c4b36c42f,Soila394 O'Hara248,F,PSYCHIATRY,301 BROADWAY,CHELSEA,MA,02150-2807,42.396824,-71.031348,0
0000016e-5f22-3c75-0000-000000010a6c,76a80350-916e-3fc9-8fed-2c8c4b36c42f,Kendrick479 Emard19,M,PSYCHIATRY,301 BROADWAY,CHELSEA,MA,02150-2807,42.396824,-71.031348,0
0000016e-5f22-3c75-0000-000000010a6d,76a80350-916e-3fc9-8fed-2c8c4b36c42f,Blondell454 Schroeder447,F,PSYCHIATRY,301 BROADWAY,CHELSEA,MA,02150-2807,42.396824,-71.031348,0
0000016e-5f22-3c75-0000-000000010a6e,76a80350-916e-3fc9-8fed-2c8c4b36c42f,Katherine209 Wisoky380,F,PSYCHIATRY,301 BROADWAY,CHELSEA,MA,02150-2807,42.396824,-71.031348,0
0000016e-5f22-3c75-0000-000000010a6f,76a80350-916e-3fc9-8fed-2c8c4b36c42f,Heather971 Jakubowski832,F,PSYCHIATRY,301 BROADWAY,CHELSEA,MA,02150-2807,42.396824,-71.031348,0
0000016e-5f22-3c75-0000-000000010a70,76a80350-916e-3fc9-8fed-2c8c4b36c42f,Bill567 VonRueden376,M,PSYCHIATRY,301 BROADWAY,CHELSEA,MA,02150-2807,42.396824,-71.031348,0
0000016e-5f22-3c75-0000-000000010a68,76a80350-916e-3fc9-8fed-2c8c4b36c42f,Precious140 Bernier607,F,CLINICAL PSYCHOLOGIST,301 BROADWAY,CHELSEA,MA,02150-2807,42.396824,-71.031348,0
0000016e-5f22-3c75-0000-000000010a68,76a80350-916e-3fc9-8fed-2c8c4b36c42f,Forest317 Smith67,M,GENERAL PRACTICE,301 BROADWAY,CHELSEA,MA,02150-2807,42.396824,-71.031348,59
0000016e-5f22-3c75-0000-000000010a68,76a80350-916e-3fc9-8fed-2c8c4b36c42f,Freddy176 Daugherty69,M,CLINICAL NURSE SPECIALIST,301 BROADWAY,CHELSEA,MA,02150-2807,42.396824,-71.031348,0
0000016e-5f22-3c75-0000-000000010c02,b722fd9b-6e71-3f88-8961-768ac0272365,Dara636 Anderson154,F,GENERAL PRACTICE,1234 HYDE PARK AVE,HYDE PARK,MA,02136-2819,42.33196,-71.020173,41
0000016e-5f22-3c75-0000-0000000112ec,395a9f52-1f2d-35cd-8cfe-35e2771f8921,Raúl937 Lovato727,M,REGISTERED DIETITIAN OR NUTRITION PROFESSIONAL,567 CENTRAL ST,BOYLSTON,MA,01505-1523,42.355049,-71.716157,0
0000016e-5f22-3c75-0000-0000000112ec,395a9f52-1f2d-35cd-8cfe-35e2771f8921,Hermelinda327 Durgan499,F,GENERAL PRACTICE,567 CENTRAL ST,BOYLSTON,MA,01505-1523,42.355049,-71.716157,74
0000016e-5f22-3c75-0000-000000011710,ee57b11d-a539-35a1-afab-d5e283f1e465,María Soledad68 Loya635,F,OBSTETRICS/GYNECOLOGY,969 MAIN ST,MILLIS,MA,02054-1555,42.173103000000005,-71.36375600000001,0
0000016e-5f22-3c75-0000-000000011710,ee57b11d-a539-35a1-afab-d5e283f1e465,Branden904 O'Conner199,M,PHYSICIAN ASSISTANT,969 MAIN ST,MILLIS,MA,02054-1555,42.173103000000005,-71.36375600000001,0
0000016e-5f22-3c75-0000-000000011710,ee57b11d-a539-35a1-afab-d5e283f1e465,Garth972 Cummerata161,M,FAMILY PRACTICE,969 MAIN ST,MILLIS,MA,02054-1555,42.173103000000005,-71.36375600000001,0
0000016e-5f22-3c75-0000-000000011710,ee57b11d-a539-35a1-afab-d5e283f1e465,Lawrence741 Marks830,M,GENERAL PRACTICE,969 MAIN ST,MILLIS,MA,02054-1555,42.173103000000005,-71.36375600000001,81
0000016e-5f22-3c75-0000-00000001188c,18362426-1324-35e6-a226-adccb56a7a36,Arron144 Pacocha935,M,PODIATRY,98 S MAIN ST,MIDDLEBOROUGH,MA,02346-2123,41.878004,-70.86926700000001,0
0000016e-5f22-3c75-0000-00000001188d,18362426-1324-35e6-a226-adccb56a7a36,Rolando809 Berge125,M,PODIATRY,98 S MAIN ST,MIDDLEBOROUGH,MA,02346-2123,41.878004,-70.86926700000001,0
0000016e-5f22-3c75-0000-00000001188c,18362426-1324-35e6-a226-adccb56a7a36,Anabel269 Koss676,F,GENERAL PRACTICE,98 S MAIN ST,MIDDLEBOROUGH,MA,02346-2123,41.878004,-70.86926700000001,39
0000016e-5f22-3c75-0000-000000011ad0,337c1f83-2105-36df-9958-24ecec7231a7,Carma664 Senger904,F,AUDIOLOGIST,1586 MAIN ST,EAST DENNIS,MA,02641,41.735496999999995,-70.157388,0
0000016e-5f22-3c75-0000-000000011ad1,337c1f83-2105-36df-9958-24ecec7231a7,Chandra831 Heathcote539,F,AUDIOLOGIST,1586 MAIN ST,EAST DENNIS,MA,02641,41.735496999999995,-70.157388,0
0000016e-5f22-3c75-0000-000000011ad0,337c1f83-2105-36df-9958-24ecec7231a7,So684 Sipes176,F,GENERAL PRACTICE,1586 MAIN ST,EAST DENNIS,MA,02641,41.735496999999995,-70.157388,31
0000016e-5f22-3c75-0000-000000011af8,cf88b91e-c0b2-3f7c-9a63-dd586130f34f,Keisha459 Cummerata161,F,GENERAL PRACTICE,140 LINCOLN AVE,HAVERHILL,MA,01830-6700,42.782945,-71.087436,32
0000016e-5f22-3c75-0000-00000001234a,d65460f9-42a7-3db9-a454-e9771027f81f,Earnestine14 Thompson596,F,NURSE PRACTITIONER,173 CHELSEA ST,EVERETT,MA,02149-4632,42.405938,-71.054649,0
0000016e-5f22-3c75-0000-00000001234b,d65460f9-42a7-3db9-a454-e9771027f81f,Tracy345 Kub800,M,NURSE PRACTITIONER,173 CHELSEA ST,EVERETT,MA,02149-4632,42.405938,-71.054649,0
0000016e-5f22-3c75-0000-00000001234c,d65460f9-42a7-3db9-a454-e9771027f81f,José Eduardo181 Pedraza69,M,NURSE PRACTITIONER,173 CHELSEA ST,EVERETT,MA,02149-4632,42.405938,-71.054649,0
0000016e-5f22-3c75-0000-00000001234d,d65460f9-42a7-3db9-a454-e9771027f81f,Ozie87 Kris249,F,NURSE PRACTITIONER,173 CHELSEA ST,EVERETT,MA,02149-4632,42.405938,-71.054649,0
0000016e-5f22-3c75-0000-00000001234a,d65460f9-42a7-3db9-a454-e9771027f81f,Moriah648 Muller251,F,PSYCHIATRY,173 CHELSEA ST,EVERETT,MA,02149-4632,42.405938,-71.054649,0
0000016e-5f22-3c75-0000-00000001234b,d65460f9-42a7-3db9-a454-e9771027f81f,Kathe603 Luettgen772,F,PSYCHIATRY,173 CHELSEA ST,EVERETT,MA,02149-4632,42.405938,-71.054649,0
0000016e-5f22-3c75-0000-00000001234c,d65460f9-42a7-3db9-a454-e9771027f81f,Kyle55 Rogahn59,M,PSYCHIATRY,173 CHELSEA ST,EVERETT,MA,02149-4632,42.405938,-71.054649,0
0000016e-5f22-3c75-0000-00000001234d,d65460f9-42a7-3db9-a454-e9771027f81f,Bryce11 Schroeder447,M,PSYCHIATRY,173 CHELSEA ST,EVERETT,MA,02149-4632,42.405938,-71.054649,0
0000016e-5f22-3c75-0000-00000001234a,d65460f9-42a7-3db9-a454-e9771027f81f,Faustino767 Hackett68,M,CLINICAL PSYCHOLOGIST,173 CHELSEA ST,EVERETT,MA,02149-4632,42.405938,-71.054649,0
0000016e-5f22-3c75-0000-00000001234a,d65460f9-42a7-3db9-a454-e9771027f81f,Jesse626 Hilll811,M,CLINICAL SOCIAL WORKER,173 CHELSEA ST,EVERETT,MA,02149-4632,42.405938,-71.054649,0
0000016e-5f22-3c75-0000-00000001234b,d65460f9-42a7-3db9-a454-e9771027f81f,Dee580 Schuster709,M,CLINICAL SOCIAL WORKER,173 CHELSEA ST,EVERETT,MA,02149-4632,42.405938,-71.054649,0
0000016e-5f22-3c75-0000-00000001234c,d65460f9-42a7-3db9-a454-e9771027f81f,Ingeborg677 Turner526,F,CLINICAL SOCIAL WORKER,173 CHELSEA ST,EVERETT,MA,02149-4632,42.405938,-71.054649,0
0000016e-5f22-3c75-0000-00000001234d,d65460f9-42a7-3db9-a454-e9771027f81f,Seth414 Mitchell808,M,CLINICAL SOCIAL WORKER,173 CHELSEA ST,EVERETT,MA,02149-4632,42.405938,-71.054649,0
0000016e-5f22-3c75-0000-00000001234e,d65460f9-42a7-3db9-a454-e9771027f81f,Helaine42 Kilback373,F,CLINICAL SOCIAL WORKER,173 CHELSEA ST,EVERETT,MA,02149-4632,42.405938,-71.054649,0
0000016e-5f22-3c75-0000-00000001234f,d65460f9-42a7-3db9-a454-e9771027f81f,Gene733 Bogisich202,F,CLINICAL SOCIAL WORKER,173 CHELSEA ST,EVERETT,MA,02149-4632,42.405938,-71.054649,0
0000016e-5f22-3c75-0000-000000012350,d65460f9-42a7-3db9-a454-e9771027f81f,Merle11 Crona259,M,CLINICAL SOCIAL WORKER,173 CHELSEA ST,EVERETT,MA,02149-4632,42.405938,-71.054649,0
0000016e-5f22-3c75-0000-000000012351,d65460f9-42a7-3db9-a454-e9771027f81f,Noe500 Lehner980,M,CLINICAL SOCIAL WORKER,173 CHELSEA ST,EVERETT,MA,02149-4632,42.405938,-71.054649,0
0000016e-5f22-3c75-0000-000000012352,d65460f9-42a7-3db9-a454-e9771027f81f,Hunter736 Flatley871,M,CLINICAL SOCIAL WORKER,173 CHELSEA ST,EVERETT,MA,02149-4632,42.405938,-71.054649,0
0000016e-5f22-3c75-0000-000000012353,d65460f9-42a7-3db9-a454-e9771027f81f,Carolyn322 Hauck852,F,CLINICAL SOCIAL WORKER,173 CHELSEA ST,EVERETT,MA,02149-4632,42.405938,-71.054649,0
0000016e-5f22-3c75-0000-0000000b60ee,d65460f9-42a7-3db9-a454-e9771027f81f,Illa976 Mann644,F,CLINICAL SOCIAL WORKER,173 CHELSEA ST,EVERETT,MA,02149-4632,42.405938,-71.054649,0
0000016e-5f22-3c75-0000-00000001234a,d65460f9-42a7-3db9-a454-e9771027f81f,Antonia30 Anaya940,F,GENERAL PRACTICE,173 CHELSEA ST,EVERETT,MA,02149-4632,42.405938,-71.054649,13
0000016e-5f22-3c75-0000-00000001234a,d65460f9-42a7-3db9-a454-e9771027f81f,Laurence43 Hermann103,M,CLINICAL NURSE SPECIALIST,173 CHELSEA ST,EVERETT,MA,02149-4632,42.405938,-71.054649,0
0000016e-5f22-3c75-0000-00000001234b,d65460f9-42a7-3db9-a454-e9771027f81f,Alex454 Rutherford999,M,CLINICAL NURSE SPECIALIST,173 CHELSEA ST,EVERETT,MA,02149-4632,42.405938,-71.054649,0
0000016e-5f22-3c75-0000-000000012fd4,f47d17c6-4c84-3dbd-be8f-30d3c2fc1f0a,Maya972 Kub800,F,GENERAL PRACTICE,2000 WASHINGTON ST,NEWTON,MA,02462-1628,42.331876,-71.208402,32
0000016e-5f22-3c75-0000-000000013204,87e91af3-298c-3da6-863e-4fa1599b2aa5,Marian936 Wolff180,F,GENERAL PRACTICE,101 MAIN ST,MEDFORD,MA,02155-4530,42.423844,-71.10923100000001,46
0000016e-5f22-3c75-0000-0000000132ea,45bc0574-077f-30c7-a450-7f06151d7518,Steven797 Swaniawski813,M,NURSE PRACTITIONER,211 UNIVERSITY AVE,WESTWOOD,MA,02090-2333,42.219645,-71.216768,0
0000016e-5f22-3c75-0000-0000000132eb,45bc0574-077f-30c7-a450-7f06151d7518,Dewitt635 Christiansen251,M,NURSE PRACTITIONER,211 UNIVERSITY AVE,WESTWOOD,MA,02090-2333,42.219645,-71.216768,0
0000016e-5f22-3c75-0000-0000000132ea,45bc0574-077f-30c7-a450-7f06151d7518,Joaquina124 Schiller186,F,EMERGENCY MEDICINE,211 UNIVERSITY AVE,WESTWOOD,MA,02090-2333,42.219645,-71.216768,0
0000016e-5f22-3c75-0000-0000000132eb,45bc0574-077f-30c7-a450-7f06151d7518,Katrina8 Mosciski958,F,EMERGENCY MEDICINE,211 UNIVERSITY AVE,WESTWOOD,MA,02090-2333,42.219645,-71.216768,0
0000016e-5f22-3c75-0000-0000000132ec,45bc0574-077f-30c7-a450-7f06151d7518,Kraig824 Klein929,M,EMERGENCY MEDICINE,211 UNIVERSITY AVE,WESTWOOD,MA,02090-2333,42.219645,-71.216768,0
0000016e-5f22-3c75-0000-0000000132ea,45bc0574-077f-30c7-a450-7f06151d7518,Dana512 McDermott739,M,PHYSICIAN ASSISTANT,211 UNIVERSITY AVE,WESTWOOD,MA,02090-2333,42.219645,-71.216768,0
0000016e-5f22-3c75-0000-0000000132eb,45bc0574-077f-30c7-a450-7f06151d7518,Rafael239 Espinoza81,M,PHYSICIAN ASSISTANT,211 UNIVERSITY AVE,WESTWOOD,MA,02090-2333,42.219645,-71.216768,0
0000016e-5f22-3c75-0000-0000000132ec,45bc0574-077f-30c7-a450-7f06151d7518,Vita624 Orn563,F,PHYSICIAN ASSISTANT,211 UNIVERSITY AVE,WESTWOOD,MA,02090-2333,42.219645,-71.216768,0
0000016e-5f22-3c75-0000-0000000132ed,45bc0574-077f-30c7-a450-7f06151d7518,Robbyn526 Dare640,F,PHYSICIAN ASSISTANT,211 UNIVERSITY AVE,WESTWOOD,MA,02090-2333,42.219645,-71.216768,0
0000016e-5f22-3c75-0000-0000000132ee,45bc0574-077f-30c7-a450-7f06151d7518,Modesta635 Bartell116,F,PHYSICIAN ASSISTANT,211 UNIVERSITY AVE,WESTWOOD,MA,02090-2333,42.219645,-71.216768,0
0000016e-5f22-3c75-0000-0000000132ef,45bc0574-077f-30c7-a450-7f06151d7518,Ron353 Bogan287,M,PHYSICIAN ASSISTANT,211 UNIVERSITY AVE,WESTWOOD,MA,02090-2333,42.219645,-71.216768,0
0000016e-5f22-3c75-0000-0000000132ea,45bc0574-077f-30c7-a450-7f06151d7518,Aiko748 Huel628,F,GENERAL PRACTICE,211 UNIVERSITY AVE,WESTWOOD,MA,02090-2333,42.219645,-71.216768,40
0000016e-5f22-3c75-0000-0000000138a8,82fd9926-682f-3b4e-90e7-609a67b0a682,Venessa867 Swaniawski813,F,NEUROLOGY,51 MONTVALE AVE,STONEHAM,MA,02180-2417,42.474208000000004,-71.097665,0
0000016e-5f22-3c75-0000-0000000138a9,82fd9926-682f-3b4e-90e7-609a67b0a682,Isabela97 Mojica921,F,NEUROLOGY,51 MONTVALE AVE,STONEHAM,MA,02180-2417,42.474208000000004,-71.097665,0
0000016e-5f22-3c75-0000-0000000138a8,82fd9926-682f-3b4e-90e7-609a67b0a682,Billie243 Hyatt152,M,GENERAL PRACTICE,51 MONTVALE AVE,STONEHAM,MA,02180-2417,42.474208000000004,-71.097665,44
0000016e-5f22-3c75-0000-0000000138a8,82fd9926-682f-3b4e-90e7-609a67b0a682,Salvatore257 Towne435,M,GASTROENTEROLOGY,51 MONTVALE AVE,STONEHAM,MA,02180-2417,42.474208000000004,-71.097665,0
0000016e-5f22-3c75-0000-0000000138a9,82fd9926-682f-3b4e-90e7-609a67b0a682,Laine739 Corwin846,F,GASTROENTEROLOGY,51 MONTVALE AVE,STONEHAM,MA,02180-2417,42.474208000000004,-71.097665,0
0000016e-5f22-3c75-0000-0000000138aa,82fd9926-682f-3b4e-90e7-609a67b0a682,Latashia561 Grant908,F,GASTROENTEROLOGY,51 MONTVALE AVE,STONEHAM,MA,02180-2417,42.474208000000004,-71.097665,0
0000016e-5f22-3c75-0000-0000000138ab,82fd9926-682f-3b4e-90e7-609a67b0a682,Bryan958 Robel940,M,GASTROENTEROLOGY,51 MONTVALE AVE,STONEHAM,MA,02180-2417,42.474208000000004,-71.097665,0
0000016e-5f22-3c75-0000-000000013a7e,c19b0022-634c-3648-a0d8-ab698ecce5c9,Garry927 Zemlak964,M,NURSE PRACTITIONER,2 SCHOOL ST,PLYMOUTH,MA,02360-3964,41.897892,-70.62403,0
0000016e-5f22-3c75-0000-000000013a7f,c19b0022-634c-3648-a0d8-ab698ecce5c9,Jeni110 Sawayn19,F,NURSE PRACTITIONER,2 SCHOOL ST,PLYMOUTH,MA,02360-3964,41.897892,-70.62403,0
0000016e-5f22-3c75-0000-000000013a7e,c19b0022-634c-3648-a0d8-ab698ecce5c9,Kelly223 Becker968,M,PSYCHIATRY,2 SCHOOL ST,PLYMOUTH,MA,02360-3964,41.897892,-70.62403,0
0000016e-5f22-3c75-0000-000000013a7f,c19b0022-634c-3648-a0d8-ab698ecce5c9,Daniela614 Ávila241,F,PSYCHIATRY,2 SCHOOL ST,PLYMOUTH,MA,02360-3964,41.897892,-70.62403,0
0000016e-5f22-3c75-0000-000000013a7e,c19b0022-634c-3648-a0d8-ab698ecce5c9,Glenn0 Bashirian201,M,CLINICAL SOCIAL WORKER,2 SCHOOL ST,PLYMOUTH,MA,02360-3964,41.897892,-70.62403,0
0000016e-5f22-3c75-0000-000000013a7f,c19b0022-634c-3648-a0d8-ab698ecce5c9,Son314 Osinski784,M,CLINICAL SOCIAL WORKER,2 SCHOOL ST,PLYMOUTH,MA,02360-3964,41.897892,-70.62403,0
0000016e-5f22-3c75-0000-000000013a80,c19b0022-634c-3648-a0d8-ab698ecce5c9,Felipe97 Montaño969,M,CLINICAL SOCIAL WORKER,2 SCHOOL ST,PLYMOUTH,MA,02360-3964,41.897892,-70.62403,0
0000016e-5f22-3c75-0000-000000013a81,c19b0022-634c-3648-a0d8-ab698ecce5c9,Nathanial472 Beier427,M,CLINICAL SOCIAL WORKER,2 SCHOOL ST,PLYMOUTH,MA,02360-3964,41.897892,-70.62403,0
0000016e-5f22-3c75-0000-000000013a7e,c19b0022-634c-3648-a0d8-ab698ecce5c9,Shelly431 Thompson596,F,GENERAL PRACTICE,2 SCHOOL ST,PLYMOUTH,MA,02360-3964,41.897892,-70.62403,35
0000016e-5f22-3c75-0000-000000013a7e,c19b0022-634c-3648-a0d8-ab698ecce5c9,Samuel331 Salgado989,M,GENERAL SURGERY,2 SCHOOL ST,PLYMOUTH,MA,02360-3964,41.897892,-70.62403,0
0000016e-5f22-3c75-0000-000000013f6a,7bdd7bd6-d521-3b19-81b6-ce2ed80d9e74,Allyn942 Kulas532,F,GENERAL PRACTICE,360 BROCKTON AVE,ABINGTON,MA,02351-2186,42.119966999999995,-70.957211,28
0000016e-5f22-3c75-0000-000000014500,4ecbf41e-9d8f-3aeb-9b4d-6625c2ff5918,Andres25 Gottlieb798,M,GENERAL PRACTICE,1 COMPASS WAY,EAST BRIDGEWATER,MA,02333-1466,42.037278,-70.94045899999999,31
0000016e-5f22-3c75-0000-00000001476c,34620b09-e72f-33e1-bf2c-0190724aa099,Lyndia317 Walter473,F,GENERAL PRACTICE,50 LEOMINSTER RD,STERLING,MA,01564-2146,42.447924,-71.776045,55
0000016e-5f22-3c75-0000-0000000148ca,aa383493-9e47-3436-a1d1-f8e5a2d70da3,Julee121 Green467,F,FAMILY PRACTICE,78 SUTTON AVE,OXFORD,MA,01540-1813,42.12826,-71.8671,0
0000016e-5f22-3c75-0000-0000000148ca,aa383493-9e47-3436-a1d1-f8e5a2d70da3,Carla633 Vélez150,F,GENERAL PRACTICE,78 SUTTON AVE,OXFORD,MA,01540-1813,42.12826,-71.8671,71
0000016e-5f22-3c75-0000-000000014988,dfa4e71c-6548-3fc2-bcc7-d3308d9de08b,Ned189 Larson43,M,NURSE PRACTITIONER,19 SUMMER ST,BRIDGEWATER,MA,02324-2630,41.972376000000004,-70.978773,0
0000016e-5f22-3c75-0000-000000014989,dfa4e71c-6548-3fc2-bcc7-d3308d9de08b,Solomon675 Schoen8,M,NURSE PRACTITIONER,19 SUMMER ST,BRIDGEWATER,MA,02324-2630,41.972376000000004,-70.978773,0
0000016e-5f22-3c75-0000-00000001498a,dfa4e71c-6548-3fc2-bcc7-d3308d9de08b,Harlan808 Welch179,M,NURSE PRACTITIONER,19 SUMMER ST,BRIDGEWATER,MA,02324-2630,41.972376000000004,-70.978773,0
0000016e-5f22-3c75-0000-000000014988,dfa4e71c-6548-3fc2-bcc7-d3308d9de08b,Carrie738 Mann644,F,GENERAL PRACTICE,19 SUMMER ST,BRIDGEWATER,MA,02324-2630,41.972376000000004,-70.978773,43
0000016e-5f22-3c75-0000-000000014af0,b8e926d3-93fe-3118-ae14-604751bfa993,Whitney250 King743,M,NURSE PRACTITIONER,1000 BROADWAY,CHELSEA,MA,02150-2247,42.396824,-71.031348,0
0000016e-5f22-3c75-0000-000000014af1,b8e926d3-93fe-3118-ae14-604751bfa993,Ronald408 Romaguera67,M,NURSE PRACTITIONER,1000 BROADWAY,CHELSEA,MA,02150-2247,42.396824,-71.031348,0
0000016e-5f22-3c75-0000-000000014af2,b8e926d3-93fe-3118-ae14-604751bfa993,Tyree261 Ferry570,M,NURSE PRACTITIONER,1000 BROADWAY,CHELSEA,MA,02150-2247,42.396824,-71.031348,0
0000016e-5f22-3c75-0000-000000014af3,b8e926d3-93fe-3118-ae14-604751bfa993,Cortez851 Glover433,M,NURSE PRACTITIONER,1000 BROADWAY,CHELSEA,MA,02150-2247,42.396824,-71.031348,0
0000016e-5f22-3c75-0000-000000014af4,b8e926d3-93fe-3118-ae14-604751bfa993,Irish781 Bosco882,F,NURSE PRACTITIONER,1000 BROADWAY,CHELSEA,MA,02150-2247,42.396824,-71.031348,0
0000016e-5f22-3c75-0000-000000014af0,b8e926d3-93fe-3118-ae14-604751bfa993,Alex454 Wilderman619,M,GENERAL PRACTICE,1000 BROADWAY,CHELSEA,MA,02150-2247,42.396824,-71.031348,24
0000016e-5f22-3c75-0000-000000014af0,b8e926d3-93fe-3118-ae14-604751bfa993,Callie226 Prosacco716,F,INTERNAL MEDICINE,1000 BROADWAY,CHELSEA,MA,02150-2247,42.396824,-71.031348,0
0000016e-5f22-3c75-0000-000000014af1,b8e926d3-93fe-3118-ae14-604751bfa993,Millard193 Carroll471,M,INTERNAL MEDICINE,1000 BROADWAY,CHELSEA,MA,02150-2247,42.396824,-71.031348,0
0000016e-5f22-3c75-0000-000000014af2,b8e926d3-93fe-3118-ae14-604751bfa993,Patricia625 Escamilla823,F,INTERNAL MEDICINE,1000 BROADWAY,CHELSEA,MA,02150-2247,42.396824,-71.031348,0
0000016e-5f22-3c75-0000-000000014af3,b8e926d3-93fe-3118-ae14-604751bfa993,Roscoe437 Fritsch593,M,INTERNAL MEDICINE,1000 BROADWAY,CHELSEA,MA,02150-2247,42.396824,-71.031348,0
0000016e-5f22-3c75-0000-000000014af4,b8e926d3-93fe-3118-ae14-604751bfa993,Taunya970 Brekke496,F,INTERNAL MEDICINE,1000 BROADWAY,CHELSEA,MA,02150-2247,42.396824,-71.031348,0
0000016e-5f22-3c75-0000-000000014af5,b8e926d3-93fe-3118-ae14-604751bfa993,Jayne73 Wuckert783,F,INTERNAL MEDICINE,1000 BROADWAY,CHELSEA,MA,02150-2247,42.396824,-71.031348,0
0000016e-5f22-3c75-0000-000000014af6,b8e926d3-93fe-3118-ae14-604751bfa993,Argelia29 Klocko335,F,INTERNAL MEDICINE,1000 BROADWAY,CHELSEA,MA,02150-2247,42.396824,-71.031348,0
0000016e-5f22-3c75-0000-000000014af7,b8e926d3-93fe-3118-ae14-604751bfa993,Elayne206 Kuphal363,F,INTERNAL MEDICINE,1000 BROADWAY,CHELSEA,MA,02150-2247,42.396824,-71.031348,0
0000016e-5f22-3c75-0000-0000000150ae,ead75f52-c895-3806-a1ba-e388cd3505ec,Tyra356 Crist667,F,GENERAL PRACTICE,170 MAIN ST,TEWKSBURY,MA,01876-1765,42.612088,-71.227845,32
0000016e-5f22-3c75-0000-00000001581a,19e35a1e-429b-33c4-a0da-aff96116489b,Erin498 Rowe323,M,GENERAL PRACTICE,235 N PEARL ST,BROCKTON,MA,02301-1794,42.082543,-71.024638,59
0000016e-5f22-3c75-0000-0000000158ba,657f09a4-1681-3ee1-8941-dc998855f914,Adan632 Crooks415,M,NURSE PRACTITIONER,1620 PRESIDENT AVE,FALL RIVER,MA,02720-7148,41.725351,-71.094162,0
0000016e-5f22-3c75-0000-0000000158bb,657f09a4-1681-3ee1-8941-dc998855f914,Cortez851 Orn563,M,NURSE PRACTITIONER,1620 PRESIDENT AVE,FALL RIVER,MA,02720-7148,41.725351,-71.094162,0
0000016e-5f22-3c75-0000-0000000158ba,657f09a4-1681-3ee1-8941-dc998855f914,Graciela518 Jones311,F,GENERAL PRACTICE,1620 PRESIDENT AVE,FALL RIVER,MA,02720-7148,41.725351,-71.094162,93
0000016e-5f22-3c75-0000-000000015c20,94513274-b2d9-36a4-9582-47b58368179e,Alvera113 Konopelski743,F,GENERAL PRACTICE,2110 DORCHESTER AVE,DORCHESTER CENTER,MA,02124-5628,42.33196,-71.020173,37
0000016e-5f22-3c75-0000-000000015e0a,aee9e5c4-d841-3623-90c2-9e2129fca0dc,Bobbi508 Botsford977,F,GENERAL PRACTICE,52 CREST AVE,WINTHROP,MA,02152-1058,42.375541,-70.970646,32
0000016e-5f22-3c75-0000-000000015f86,774cf784-d6c2-32b4-a63f-9a5b95a7b834,Zonia753 Gulgowski816,F,ANESTHESIOLOGY,119 SUMMIT AVE,WINTHROP,MA,02152-1037,42.375541,-70.970646,0
0000016e-5f22-3c75-0000-000000015f87,774cf784-d6c2-32b4-a63f-9a5b95a7b834,Jules135 Bruen238,M,ANESTHESIOLOGY,119 SUMMIT AVE,WINTHROP,MA,02152-1037,42.375541,-70.970646,0
0000016e-5f22-3c75-0000-000000015f86,774cf784-d6c2-32b4-a63f-9a5b95a7b834,Marlene554 Pollich983,F,GENERAL PRACTICE,119 SUMMIT AVE,WINTHROP,MA,02152-1037,42.375541,-70.970646,68
0000016e-5f22-3c75-0000-00000001636e,51bb2e70-5f42-3642-b219-c0345a1b8d73,Valery629 Auer97,F,GENERAL PRACTICE,4 VIRGINIA LANE,STONEHAM,MA,02180,42.474208000000004,-71.097665,34
0000016e-5f22-3c75-0000-00000001636e,51bb2e70-5f42-3642-b219-c0345a1b8d73,Kyra237 Towne435,F,INTERNAL MEDICINE,4 VIRGINIA LANE,STONEHAM,MA,02180,42.474208000000004,-71.097665,0
0000016e-5f22-3c75-0000-000000016490,390548a3-ed68-3642-af72-9d51cac41825,Debi992 Terry864,F,GENERAL PRACTICE,2110 DORCHESTER AVE,DORCHESTER CENTER,MA,02124-5628,42.33196,-71.020173,59
0000016e-5f22-3c75-0000-000000016a94,d0a52c1a-9a89-3598-b2b8-f02097e91263,Fairy757 Swift555,F,GENERAL PRACTICE,71 HOSPITAL AVE,NORTH ADAMS,MA,01247-2504,42.675551,-73.11810899999999,18
